id,nome,idade,salario,data_cadastro,ativo
1,Cliente_1,56,4390.65,2020-01-01 00:00:00,True
2,Cliente_2,69,7746.2,2020-01-02 00:00:00,True
3,Cliente_3,46,4536.91,2020-01-03 00:00:00,False
4,Cliente_4,32,8462.48,2020-01-04 00:00:00,True
5,Cliente_5,60,6121.73,2020-01-05 00:00:00,True
6,Cliente_6,25,1571.61,2020-01-06 00:00:00,False
7,Cliente_7,78,1331.4,2020-01-07 00:00:00,True
8,,38,2204.67,2020-01-08 00:00:00,False
9,Cliente_9,56,1123.05,2020-01-09 00:00:00,False
10,Cliente_10,75,1678.23,2020-01-10 00:00:00,True
11,Cliente_11,36,7225.43,2020-01-11 00:00:00,False
12,Cliente_12,40,5809.12,2020-01-12 00:00:00,False
13,Cliente_13,28,7749.2,2020-01-13 00:00:00,True
14,Cliente_14,28,9218.49,2020-01-14 00:00:00,False
15,Cliente_15,41,6266.35,2020-01-15 00:00:00,False
16,Cliente_16,70,7535.09,2020-01-16 00:00:00,True
17,Cliente_17,53,7813.73,2020-01-17 00:00:00,True
18,Cliente_18,57,4400.65,2020-01-18 00:00:00,True
19,Cliente_19,41,3169.76,2020-01-19 00:00:00,False
20,Cliente_20,20,2845.41,2020-01-20 00:00:00,True
21,Cliente_21,39,3262.98,2020-01-21 00:00:00,False
22,Cliente_22,70,-1000,2020-01-22 00:00:00,False
23,Cliente_23,19,2865.05,2020-01-23 00:00:00,False
24,Cliente_24,41,8903.99,2020-01-24 00:00:00,False
25,Cliente_25,61,7812.99,2020-01-25 00:00:00,False
26,Cliente_26,47,1422.07,1900-01-01,False
27,Cliente_27,55,3418.05,2020-01-27 00:00:00,False
28,Cliente_28,19,1199.66,2020-01-28 00:00:00,True
29,Cliente_29,77,5483.49,2020-01-29 00:00:00,True
30,Cliente_30,38,5285.9,2020-01-30 00:00:00,False
31,Cliente_31,50,8482.34,2020-01-31 00:00:00,False
32,Cliente_32,29,3770.0,2020-02-01 00:00:00,True
33,Cliente_33,75,8347.47,2020-02-02 00:00:00,False
34,Cliente_34,39,9711.76,2020-02-03 00:00:00,True
35,Cliente_35,78,1795.67,2020-02-04 00:00:00,True
36,Cliente_36,61,8126.36,2020-02-05 00:00:00,True
37,Cliente_37,42,6309.6,2020-02-06 00:00:00,False
38,Cliente_38,66,5320.41,2020-02-07 00:00:00,False
39,Cliente_39,44,4784.82,2020-02-08 00:00:00,True
40,Cliente_40,76,8062.01,2020-02-09 00:00:00,True
41,Cliente_41,59,6754.25,2020-02-10 00:00:00,True
42,Cliente_42,45,8245.4,2020-02-11 00:00:00,True
43,Cliente_43,77,9128.36,2020-02-12 00:00:00,True
44,Cliente_44,33,6555.37,2020-02-13 00:00:00,False
45,Cliente_45,32,9824.16,2020-02-14 00:00:00,True
46,Cliente_46,79,6472.79,2020-02-15 00:00:00,False
47,Cliente_47,79,6729.8,2020-02-16 00:00:00,True
48,Cliente_48,64,5993.34,2020-02-17 00:00:00,False
49,Cliente_49,79,1819.02,2020-02-18 00:00:00,False
50,Cliente_50,68,7537.57,2020-02-19 00:00:00,False
51,Cliente_51,61,5927.02,2020-02-20 00:00:00,False
52,Cliente_52,72,5058.19,2020-02-21 00:00:00,False
53,Cliente_53,69,9194.24,2020-02-22 00:00:00,False
54,Cliente_54,74,3681.64,2020-02-23 00:00:00,True
55,Cliente_55,20,5712.42,2020-02-24 00:00:00,False
56,Cliente_56,54,7278.78,2020-02-25 00:00:00,True
57,Cliente_57,68,erro,2020-02-26 00:00:00,False
58,Cliente_58,24,5134.12,,False
59,Cliente_59,38,8578.82,2020-02-28 00:00:00,True
60,Cliente_60,26,7920.26,2020-02-29 00:00:00,False
61,Cliente_61,56,1596.12,2020-03-01 00:00:00,True
62,Cliente_62,35,1412.75,2020-03-02 00:00:00,True
63,Cliente_63,21,6587.25,2020-03-03 00:00:00,True
64,Cliente_64,42,4126.72,2020-03-04 00:00:00,True
65,Cliente_65,77,2882.18,2020-03-05 00:00:00,False
66,Cliente_66,31,0,2020-03-06 00:00:00,False
67,Cliente_67,67,4074.07,2020-03-07 00:00:00,True
68,Cliente_68,75,5835.37,2020-03-08 00:00:00,False
69,Cliente_69,26,5141.07,2020-03-09 00:00:00,False
70,Cliente_70,43,6262.89,2020-03-10 00:00:00,True
71,Cliente_71,70,4602.7,2020-03-11 00:00:00,False
72,N/A,19,7279.01,2020-03-12 00:00:00,True
73,Cliente_73,37,2620.61,2020-03-13 00:00:00,True
74,Cliente_74,45,7268.51,2020-03-14 00:00:00,False
75,Cliente_75,64,4704.95,2020-03-15 00:00:00,False
76,Cliente_76,77,8868.86,2020-03-16 00:00:00,False
77,Cliente_77,24,5637.12,2020-03-17 00:00:00,True
78,Cliente_78,61,9757.99,2020-03-18 00:00:00,True
79,Cliente_79,78,6417.42,1900-01-01,False
80,Cliente_80,25,3014.64,2020-03-20 00:00:00,False
81,Cliente_81,64,8396.12,2020-03-21 00:00:00,False
82,Cliente_82,52,4105.74,2020-03-22 00:00:00,False
83,Cliente_83,31,4128.57,2020-03-23 00:00:00,True
84,Cliente_84,34,1286.24,2020-03-24 00:00:00,False
85,Cliente_85,53,5938.44,2020-03-25 00:00:00,True
86,Cliente_86,67,0,2020-03-26 00:00:00,True
87,Cliente_87,57,4203.92,2020-03-27 00:00:00,False
88,Cliente_88,21,9047.96,2020-03-28 00:00:00,False
89,Cliente_89,19,2158.74,2020-03-29 00:00:00,False
90,Cliente_90,79,3970.9,2020-03-30 00:00:00,True
91,Cliente_91,23,3894.24,2020-03-31 00:00:00,False
92,Cliente_92,71,1830.62,2020-04-01 00:00:00,False
93,Cliente_93,59,5330.31,2020-04-02 00:00:00,True
94,Cliente_94,21,7190.06,2020-04-03 00:00:00,False
95,Cliente_95,71,5604.91,2020-04-04 00:00:00,True
96,Cliente_96,46,2412.8,2020-04-05 00:00:00,False
97,Cliente_97,35,4395.57,2020-04-06 00:00:00,True
98,Cliente_98,43,-1000,2020-04-07 00:00:00,False
99,Cliente_99,61,8814.71,2020-04-08 00:00:00,False
100,Cliente_100,51,1760.65,2020-04-09 00:00:00,True
101,Cliente_101,27,6375.5,2020-04-10 00:00:00,True
102,Cliente_102,79,9876.31,2020-04-11 00:00:00,False
103,Cliente_103,53,5829.32,2020-04-12 00:00:00,True
104,,31,9316.38,2020-04-13 00:00:00,True
105,Cliente_105,48,3125.05,2020-04-14 00:00:00,True
106,Cliente_106,65,7839.6,2020-04-15 00:00:00,True
107,Cliente_107,32,5781.39,2020-04-16 00:00:00,False
108,Cliente_108,25,7484.64,2020-04-17 00:00:00,False
109,Cliente_109,31,1561.07,2020-04-18 00:00:00,True
110,Cliente_110,40,2329.65,2020-04-19 00:00:00,True
111,Cliente_111,77,2198.05,2020-04-20 00:00:00,True
112,Cliente_112,74,0,2020-04-21 00:00:00,True
113,Cliente_113,79,8599.97,2020-04-22 00:00:00,False
114,Cliente_114,57,7746.55,2020-04-23 00:00:00,False
115,Cliente_115,38,1274.25,2020-04-24 00:00:00,True
116,Cliente_116,33,8804.93,2020-04-25 00:00:00,True
117,Cliente_117,62,4187.32,2020-04-26 00:00:00,True
118,Cliente_118,35,4574.47,2020-04-27 00:00:00,False
119,Cliente_119,64,1943.82,2020-04-28 00:00:00,True
120,Cliente_120,70,7636.65,2020-04-29 00:00:00,False
121,Cliente_121,41,2640.55,2020-04-30 00:00:00,True
122,Cliente_122,43,6075.69,2020-05-01 00:00:00,False
123,Cliente_123,42,8566.39,2020-05-02 00:00:00,True
124,Cliente_124,77,1802.84,2020-05-03 00:00:00,False
125,Cliente_125,77,5818.02,2020-05-04 00:00:00,True
126,Cliente_126,77,3098.95,2020-05-05 00:00:00,True
127,Cliente_127,62,4086.34,2020-05-06 00:00:00,True
128,Cliente_128,58,5265.73,2020-05-07 00:00:00,False
387,Cliente_129,46,4195.94,2020-05-08 00:00:00,True
130,Cliente_130,32,6839.41,2020-05-09 00:00:00,False
131,Cliente_131,62,5316.24,2020-05-10 00:00:00,False
132,Cliente_132,18,6257.8,2020-05-11 00:00:00,True
133,Cliente_133,42,7631.4,2020-05-12 00:00:00,True
134,Cliente_134,24,6019.68,2020-05-13 00:00:00,True
135,Cliente_135,26,6278.82,2020-05-14 00:00:00,False
136,Cliente_136,41,6080.13,2020-05-15 00:00:00,True
137,Cliente_137,18,4408.95,2020-05-16 00:00:00,False
138,Cliente_138,61,4037.02,2020-05-17 00:00:00,False
139,Cliente_139,25,9096.83,2020-05-18 00:00:00,True
140,Cliente_140,41,6468.0,2020-05-19 00:00:00,True
141,Cliente_141,28,3199.18,2020-05-20 00:00:00,True
142,Cliente_142,68,5484.23,2020-05-21 00:00:00,True
143,Cliente_143,34,3973.14,2020-05-22 00:00:00,True
144,Cliente_144,25,999999,2020-05-23 00:00:00,True
145,Cliente_145,52,1067.81,2020-05-24 00:00:00,False
146,Cliente_146,52,3028.0,2020-05-25 00:00:00,False
147,Cliente_147,50,4288.21,2020-05-26 00:00:00,False
148,Cliente_148,76,5390.29,2020-05-27 00:00:00,True
149,Cliente_149,22,8657.36,2020-05-28 00:00:00,False
150,Cliente_150,59,1790.99,2020-05-29 00:00:00,False
151,Cliente_151,56,8252.78,2020-05-30 00:00:00,False
152,Cliente_152,75,1500.88,2020-05-31 00:00:00,False
153,Cliente_153,58,8580.83,2020-06-01 00:00:00,False
154,Cliente_154,45,1464.72,2020-06-02 00:00:00,True
155,Cliente_155,24,1164.18,2020-06-03 00:00:00,True
156,Cliente_156,26,7272.65,2020-06-04 00:00:00,False
157,Cliente_157,25,9975.3,2020-06-05 00:00:00,False
158,Cliente_158,29,9069.49,2020-06-06 00:00:00,False
159,Cliente_159,51,6183.99,2020-06-07 00:00:00,True
160,Cliente_160,50,9256.56,2020-06-08 00:00:00,True
161,Cliente_161,-5,1047.7,2020-06-09 00:00:00,False
162,Cliente_162,72,9775.6,2020-06-10 00:00:00,True
163,Cliente_163,40,5416.74,2020-06-11 00:00:00,True
164,N/A,79,7506.06,2020-06-12 00:00:00,False
165,Cliente_165,41,8387.75,2020-06-13 00:00:00,True
166,Cliente_166,54,7466.12,2020-06-14 00:00:00,True
167,Cliente_167,52,5815.33,2020-06-15 00:00:00,False
168,Cliente_168,61,5289.58,2020-06-16 00:00:00,True
169,Cliente_169,57,8547.24,2020-06-17 00:00:00,True
170,Cliente_170,39,2845.7,2020-06-18 00:00:00,False
171,Cliente_171,44,9711.95,2020-06-19 00:00:00,True
172,Cliente_172,52,7398.57,2020-06-20 00:00:00,True
173,Cliente_173,18,2795.56,2020-06-21 00:00:00,False
174,Cliente_174,52,7626.22,2020-06-22 00:00:00,False
175,Cliente_175,54,5768.56,2020-06-23 00:00:00,False
176,Cliente_176,64,7365.07,2020-06-24 00:00:00,True
177,Cliente_177,31,7910.02,2020-06-25 00:00:00,False
178,Cliente_178,-5,1785.61,2020-06-26 00:00:00,True
179,Cliente_179,18,5554.94,2020-06-27 00:00:00,False
180,Cliente_180,22,9388.13,2020-06-28 00:00:00,True
181,Cliente_181,43,3885.78,2020-06-29 00:00:00,False
182,Cliente_182,72,6344.95,2020-06-30 00:00:00,False
183,Cliente_183,31,4323.07,2020-07-01 00:00:00,False
184,Cliente_184,56,5088.41,2020-07-02 00:00:00,False
185,Cliente_185,44,5937.43,2020-07-03 00:00:00,True
186,Cliente_186,26,5940.3,2020-07-04 00:00:00,False
187,Cliente_187,32,2815.57,2020-07-05 00:00:00,False
188,Cliente_188,32,7161.14,2020-07-06 00:00:00,True
189,Cliente_189,43,1790.81,2020-07-07 00:00:00,False
190,Cliente_190,59,2249.42,2020-07-08 00:00:00,True
191,Cliente_191,77,1024.4,2020-07-09 00:00:00,False
192,Cliente_192,30,2050.26,2020-07-10 00:00:00,False
193,Cliente_193,68,5258.5,2020-07-11 00:00:00,False
194,Cliente_194,49,6454.92,2020-07-12 00:00:00,True
195,Cliente_195,56,8148.61,2020-07-13 00:00:00,False
196,Cliente_196,66,1960.29,2020-07-14 00:00:00,FALSE
197,Cliente_197,69,8656.55,2020-07-15 00:00:00,False
198,Cliente_198,78,7713.77,2020-07-16 00:00:00,True
199,Cliente_199,49,4676.66,2020-07-17 00:00:00,True
200,Cliente_200,21,9396.44,2020-07-18 00:00:00,False
201,Cliente_201,47,9918.37,2020-07-19 00:00:00,True
202,Cliente_202,54,2845.02,2020-07-20 00:00:00,False
203,Cliente_203,40,4413.06,2020-07-21 00:00:00,False
204,Cliente_204,56,9338.04,2020-07-22 00:00:00,False
205,Cliente_205,62,7494.37,2020-07-23 00:00:00,False
206,Cliente_206,32,1432.85,2020-07-24 00:00:00,False
207,Cliente_207,60,8033.63,2020-07-25 00:00:00,False
208,Cliente_208,46,8451.47,2020-07-26 00:00:00,False
209,Cliente_209,53,7754.52,2020-07-27 00:00:00,True
210,   ,30,8195.83,2020-07-28 00:00:00,True
211,Cliente_211,49,8426.19,2020-07-29 00:00:00,
212,Cliente_212,24,2677.64,2020-07-30 00:00:00,True
213,Cliente_213,76,3121.23,,True
214,Cliente_214,68,6703.83,2020-08-01 00:00:00,True
215,Cliente_215,39,9170.8,2020-08-02 00:00:00,True
216,Cliente_216,45,3845.77,2020-08-03 00:00:00,False
217,Cliente_217,19,6294.76,2020-08-04 00:00:00,False
218,Cliente_218,59,7146.84,2020-08-05 00:00:00,False
219,Cliente_219,62,5067.54,2020-08-06 00:00:00,False
848,Cliente_220,79,7424.04,2020-08-07 00:00:00,True
221,Cliente_221,74,9097.01,2020-08-08 00:00:00,True
222,Cliente_222,70,6616.91,2020-08-09 00:00:00,False
223,Cliente_223,23,5858.03,2020-08-10 00:00:00,False
224,Cliente_224,45,4948.7,2020-08-11 00:00:00,True
225,Cliente_225,45,6197.38,2020-08-12 00:00:00,False
226,Cliente_226,61,4198.26,2020-08-13 00:00:00,False
227,Cliente_227,61,4523.34,2020-08-14 00:00:00,
228,Cliente_228,37,5786.72,2020-08-15 00:00:00,False
229,Cliente_229,47,1599.57,2020-08-16 00:00:00,True
230,Cliente_230,79,3061.23,2020-08-17 00:00:00,False
231,Cliente_231,28,5885.64,2020-08-18 00:00:00,False
232,Cliente_232,75,4883.75,2020-08-19 00:00:00,True
233,Cliente_233,72,3995.34,2020-08-20 00:00:00,True
234,Cliente_234,45,7574.94,2020-08-21 00:00:00,False
235,Cliente_235,42,7243.46,2020-08-22 00:00:00,True
236,Cliente_236,56,2500.58,2020-08-23 00:00:00,False
237,Cliente_237,79,8907.66,2020-08-24 00:00:00,False
238,,50,5458.81,2020-08-25 00:00:00,True
239,Cliente_239,18,7673.15,2020-08-26 00:00:00,False
240,Cliente_240,74,6158.36,2020-08-27 00:00:00,False
241,Cliente_241,44,9979.23,2020-08-28 00:00:00,False
242,Cliente_242,79,7771.63,2020-08-29 00:00:00,False
243,Cliente_243,74,7362.82,2020-08-30 00:00:00,True
244,Cliente_244,69,8007.15,2020-08-31 00:00:00,True
245,Cliente_245,30,2288.15,2020-09-01 00:00:00,False
246,Cliente_246,58,2840.9,2020-09-02 00:00:00,True
247,Cliente_247,20,7426.58,2020-09-03 00:00:00,False
248,Cliente_248,56,5445.83,2020-09-04 00:00:00,False
249,Cliente_249,23,7791.72,2020-09-05 00:00:00,False
250,Cliente_250,25,1926.24,2020-09-06 00:00:00,False
251,Cliente_251,44,5828.33,2020-09-07 00:00:00,False
252,Cliente_252,26,4409.39,2020-09-08 00:00:00,True
253,Cliente_253,79,5113.0,2020-09-09 00:00:00,False
254,Cliente_254,54,6435.62,2020-09-10 00:00:00,True
255,Cliente_255,50,5520.6,2020-09-11 00:00:00,True
256,Cliente_256,68,5858.75,2020-09-12 00:00:00,False
257,Cliente_257,59,5377.22,2020-09-13 00:00:00,False
258,Cliente_258,61,4680.6,2020-09-14 00:00:00,False
259,Cliente_259,41,7946.94,2020-09-15 00:00:00,False
260,Cliente_260,32,1109.83,2020-09-16 00:00:00,False
261,Cliente_261,76,6385.98,2020-09-17 00:00:00,True
262,Cliente_262,71,6089.58,2020-09-18 00:00:00,False
263,Cliente_263,49,7445.61,2020-09-19 00:00:00,False
264,Cliente_264,49,6391.26,2020-09-20 00:00:00,True
265,Cliente_265,41,8441.19,2020-09-21 00:00:00,FALSE
266,Cliente_266,58,9631.67,2020-09-22 00:00:00,False
267,Cliente_267,69,4082.72,2020-09-23 00:00:00,True
268,,66,3046.16,2020-09-24 00:00:00,False
269,Cliente_269,79,4812.37,2020-09-25 00:00:00,True
270,Cliente_270,66,3591.37,2020-09-26 00:00:00,True
271,Cliente_271,75,6534.55,2020-09-27 00:00:00,False
272,Cliente_272,69,9206.67,2020-09-28 00:00:00,True
273,Cliente_273,29,2252.05,2020-09-29 00:00:00,True
274,Cliente_274,79,1907.15,2020-09-30 00:00:00,True
275,Cliente_275,56,3304.14,2020-10-01 00:00:00,True
276,Cliente_276,19,7534.86,2020-10-02 00:00:00,True
277,Cliente_277,20,6336.67,2020-10-03 00:00:00,True
278,Cliente_278,66,1919.91,2020-10-04 00:00:00,False
279,Cliente_279,54,9268.75,2020-10-05 00:00:00,False
280,Cliente_280,66,8110.76,2020-10-06 00:00:00,True
281,Cliente_281,73,1207.2,2020-10-07 00:00:00,False
282,Cliente_282,34,6862.3,2020-10-08 00:00:00,False
283,Cliente_283,76,7941.22,2020-10-09 00:00:00,False
284,Cliente_284,66,4369.92,2020-10-10 00:00:00,True
285,Cliente_285,19,1620.29,2020-10-11 00:00:00,False
286,Cliente_286,19,1695.89,2020-10-12 00:00:00,True
287,Cliente_287,45,1938.22,2020-10-13 00:00:00,False
288,Cliente_288,71,8563.96,2020-10-14 00:00:00,True
289,Cliente_289,40,9196.18,2020-10-15 00:00:00,True
290,Cliente_290,54,2105.3,2020-10-16 00:00:00,False
291,Cliente_291,49,3123.15,2020-10-17 00:00:00,False
292,Cliente_292,50,2489.68,2020-10-18 00:00:00,True
293,Cliente_293,18,2676.89,2020-10-19 00:00:00,False
294,Cliente_294,36,8537.42,2020-10-20 00:00:00,False
295,Cliente_295,79,3989.32,2020-10-21 00:00:00,False
296,Cliente_296,19,3803.0,2020-10-22 00:00:00,True
297,N/A,70,3046.56,2020-10-23 00:00:00,True
298,Cliente_298,61,6471.05,2020-10-24 00:00:00,False
299,Cliente_299,43,4413.75,2020-10-25 00:00:00,False
300,Cliente_300,49,7698.25,2020-10-26 00:00:00,False
301,Cliente_301,23,2850.22,2020-10-27 00:00:00,True
302,Cliente_302,49,8090.11,2020-10-28 00:00:00,True
303,Cliente_303,72,6433.49,2020-10-29 00:00:00,False
304,Cliente_304,21,2028.41,2020-10-30 00:00:00,False
305,Cliente_305,,4730.54,2020-10-31 00:00:00,False
306,Cliente_306,28,8771.66,2020-11-01 00:00:00,False
307,Cliente_307,73,9306.64,2020-11-02 00:00:00,False
308,Cliente_308,76,5191.3,2020-11-03 00:00:00,False
309,Cliente_309,34,5327.53,2020-11-04 00:00:00,True
310,Cliente_310,55,9266.09,2020-11-05 00:00:00,False
311,Cliente_311,41,6283.61,2020-11-06 00:00:00,True
312,Cliente_312,22,1295.62,2020-11-07 00:00:00,False
313,Cliente_313,69,9214.75,2020-11-08 00:00:00,False
314,Cliente_314,51,3234.04,2020-11-09 00:00:00,True
315,Cliente_315,23,6198.69,2020-11-10 00:00:00,True
316,Cliente_316,39,2489.62,2020-11-11 00:00:00,True
317,Cliente_317,28,1304.91,2020-11-12 00:00:00,True
318,Cliente_318,65,3803.26,2020-11-13 00:00:00,False
319,Cliente_319,33,8024.46,2020-11-14 00:00:00,True
320,Cliente_320,50,3498.28,2020-11-15 00:00:00,False
321,Cliente_321,26,2980.87,2020-11-16 00:00:00,True
322,Cliente_322,77,2914.13,2020-11-17 00:00:00,False
323,Cliente_323,76,5636.56,2020-11-18 00:00:00,False
324,Cliente_324,23,9779.87,2020-11-19 00:00:00,False
325,Cliente_325,33,5130.9,2020-11-20 00:00:00,False
326,Cliente_326,46,6015.75,2020-11-21 00:00:00,False
327,Cliente_327,150,8745.69,2020-11-22 00:00:00,False
328,Cliente_328,37,5815.63,2020-11-23 00:00:00,True
329,Cliente_329,77,2660.17,2020-11-24 00:00:00,False
330,Cliente_330,76,3696.36,2020-11-25 00:00:00,True
331,Cliente_331,53,3789.43,2020-11-26 00:00:00,True
332,Cliente_332,36,4575.86,2020-11-27 00:00:00,False
333,Cliente_333,43,4841.1,2020-11-28 00:00:00,True
334,Cliente_334,20,8198.04,2020-11-29 00:00:00,False
335,Cliente_335,36,4144.48,2020-11-30 00:00:00,True
336,Cliente_336,37,5214.09,2020-12-01 00:00:00,False
337,Cliente_337,49,6624.78,2020-12-02 00:00:00,True
338,Cliente_338,24,4399.53,2020-12-03 00:00:00,False
339,Cliente_339,69,8529.08,2020-12-04 00:00:00,False
340,Cliente_340,58,6287.08,2020-12-05 00:00:00,False
341,Cliente_341,50,3646.4,2020-12-06 00:00:00,False
342,Cliente_342,57,7426.53,2020-12-07 00:00:00,True
343,Cliente_343,56,5748.83,2020-12-08 00:00:00,False
344,Cliente_344,35,0,2020-12-09 00:00:00,True
345,Cliente_345,57,5329.79,2020-12-10 00:00:00,True
346,Cliente_346,18,5473.11,2020-12-11 00:00:00,True
347,Cliente_347,28,7888.21,2020-12-12 00:00:00,False
348,Cliente_348,45,1926.83,2020-12-13 00:00:00,True
349,Cliente_349,74,4009.27,2020-12-14 00:00:00,True
350,Cliente_350,42,1679.53,2020-12-15 00:00:00,True
351,Cliente_351,67,7779.22,2020-12-16 00:00:00,False
352,Cliente_352,40,3450.72,2020-12-17 00:00:00,False
353,Cliente_353,48,9076.87,2020-12-18 00:00:00,True
354,Cliente_354,47,5739.21,2020-12-19 00:00:00,False
355,Cliente_355,59,8206.75,2020-12-20 00:00:00,False
356,Cliente_356,52,9810.38,2020-12-21 00:00:00,True
357,Cliente_357,24,8558.1,2020-12-22 00:00:00,True
358,Cliente_358,77,8802.94,2020-12-23 00:00:00,False
359,Cliente_359,33,4671.86,2020-12-24 00:00:00,True
360,Cliente_360,43,5965.5,2020-12-25 00:00:00,False
361,Cliente_361,65,3285.0,2020-12-26 00:00:00,False
362,Cliente_362,74,2765.02,2020-12-27 00:00:00,False
363,Cliente_363,69,5549.57,2020-12-28 00:00:00,False
364,Cliente_364,77,6355.44,2020-12-29 00:00:00,False
365,Cliente_365,66,4053.44,2020-12-30 00:00:00,False
366,Cliente_366,19,6124.99,2020-12-31 00:00:00,True
367,Cliente_367,18,8987.14,2021-01-01 00:00:00,True
368,Cliente_368,65,6010.49,2021-01-02 00:00:00,False
369,Cliente_369,79,7487.32,2021-01-03 00:00:00,False
370,Cliente_370,29,8247.83,2021-01-04 00:00:00,False
371,Cliente_371,-5,9898.56,2021-01-05 00:00:00,True
372,Cliente_372,54,6428.78,2021-01-06 00:00:00,FALSE
373,Cliente_373,49,8261.65,2021-01-07 00:00:00,True
374,Cliente_374,76,9663.84,2021-01-08 00:00:00,False
375,Cliente_375,72,9499.69,2021-01-09 00:00:00,False
376,Cliente_376,26,2269.74,,True
377,Cliente_377,58,4657.53,2021-01-11 00:00:00,Sim
378,Cliente_378,52,3915.91,2021-01-12 00:00:00,False
379,Cliente_379,36,1782.33,2021-01-13 00:00:00,False
380,Cliente_380,65,6699.17,2021-01-14 00:00:00,False
381,Cliente_381,33,7623.14,2025-13-01,True
382,Cliente_382,20,8633.15,2021-01-16 00:00:00,Sim
383,Cliente_383,37,2104.99,2021-01-17 00:00:00,True
384,Cliente_384,,8888.0,2021-01-18 00:00:00,True
385,Cliente_385,71,6786.33,2021-01-19 00:00:00,True
386,N/A,73,7335.52,2021-01-20 00:00:00,True
387,Cliente_387,50,9195.62,2021-01-21 00:00:00,False
388,Cliente_388,41,6622.85,2021-01-22 00:00:00,False
389,Cliente_389,69,4022.79,2021-01-23 00:00:00,True
390,Cliente_390,28,8425.97,2021-01-24 00:00:00,False
391,Cliente_391,66,4267.53,2021-01-25 00:00:00,False
392,Cliente_392,25,1308.05,2021-01-26 00:00:00,True
393,Cliente_393,53,8475.89,2021-01-27 00:00:00,False
394,Cliente_394,55,4106.73,2021-01-28 00:00:00,True
395,Cliente_395,57,7964.51,2021-01-29 00:00:00,True
396,Cliente_396,37,4264.82,2021-01-30 00:00:00,False
397,Cliente_397,79,8749.61,2021-01-31 00:00:00,True
398,Cliente_398,52,2975.59,2021-02-01 00:00:00,True
399,Cliente_399,65,9770.93,2021-02-02 00:00:00,True
400,Cliente_400,79,8017.83,2021-02-03 00:00:00,True
401,Cliente_401,42,2028.14,2021-02-04 00:00:00,True
402,Cliente_402,52,6091.99,2021-02-05 00:00:00,True
403,Cliente_403,42,9868.31,2021-02-06 00:00:00,True
404,Cliente_404,46,5239.59,2021-02-07 00:00:00,True
405,Cliente_405,35,2638.96,2021-02-08 00:00:00,False
406,Cliente_406,63,5363.01,2021-02-09 00:00:00,False
407,Cliente_407,35,5612.12,2021-02-10 00:00:00,False
408,Cliente_408,19,7675.18,2021-02-11 00:00:00,True
409,Cliente_409,71,7289.61,2021-02-12 00:00:00,True
410,Cliente_410,52,4622.95,2021-02-13 00:00:00,False
411,Cliente_411,33,2962.21,2021-02-14 00:00:00,False
412,Cliente_412,78,6805.49,2021-02-15 00:00:00,False
413,Cliente_413,58,4795.34,2021-02-16 00:00:00,True
414,Cliente_414,53,2190.49,2021-02-17 00:00:00,False
415,Cliente_415,50,9105.15,2021-02-18 00:00:00,False
416,Cliente_416,21,7221.0,2021-02-19 00:00:00,True
417,Cliente_417,50,7148.65,2021-02-20 00:00:00,False
418,Cliente_418,31,8403.25,2021-02-21 00:00:00,True
419,Cliente_419,38,5766.96,2021-02-22 00:00:00,True
420,Cliente_420,65,8335.49,2021-02-23 00:00:00,True
421,Cliente_421,37,5482.82,2021-02-24 00:00:00,False
422,Cliente_422,73,1604.58,2021-02-25 00:00:00,False
423,Cliente_423,25,4647.23,2021-02-26 00:00:00,True
424,Cliente_424,24,5477.18,2021-02-27 00:00:00,False
425,Cliente_425,0,7481.82,2021-02-28 00:00:00,False
426,Cliente_426,34,1959.21,2021-03-01 00:00:00,False
427,Cliente_427,50,2260.17,2021-03-02 00:00:00,False
428,Cliente_428,65,3373.15,2021-03-03 00:00:00,True
429,Cliente_429,29,3398.49,2021-03-04 00:00:00,False
430,Cliente_430,76,7589.66,2021-03-05 00:00:00,True
431,Cliente_431,68,3256.58,2021-03-06 00:00:00,True
432,Cliente_432,39,6697.88,2021-03-07 00:00:00,False
433,Cliente_433,72,5448.46,2021-03-08 00:00:00,True
434,Cliente_434,39,6159.65,2021-03-09 00:00:00,TRUE
435,Cliente_435,63,-1000,2021-03-10 00:00:00,False
436,Cliente_436,47,4639.43,2021-03-11 00:00:00,True
437,Cliente_437,55,7938.2,2021-03-12 00:00:00,True
438,Cliente_438,55,4798.32,2021-03-13 00:00:00,True
439,Cliente_439,62,4184.84,2021-03-14 00:00:00,True
440,Cliente_440,68,9627.64,2021-03-15 00:00:00,False
441,Cliente_441,71,2659.34,2021-03-16 00:00:00,False
442,Cliente_442,25,1813.03,2021-03-17 00:00:00,False
443,Cliente_443,44,7938.87,2021-03-18 00:00:00,True
444,Cliente_444,44,1614.25,2021-03-19 00:00:00,True
445,Cliente_445,,8533.71,2021-03-20 00:00:00,True
446,Cliente_446,38,4934.74,2021-03-21 00:00:00,False
447,Cliente_447,47,9239.62,2021-03-22 00:00:00,True
448,Cliente_448,50,7493.8,2021-03-23 00:00:00,False
449,Cliente_449,45,6493.64,2021-03-24 00:00:00,True
450,Cliente_450,64,9543.76,2021-03-25 00:00:00,False
451,Cliente_451,50,4569.84,2021-03-26 00:00:00,False
452,Cliente_452,22,9586.78,2021-03-27 00:00:00,True
453,Cliente_453,77,2215.01,2021-03-28 00:00:00,True
454,,78,5353.79,2021-03-29 00:00:00,False
455,Cliente_455,65,3429.2,2021-03-30 00:00:00,False
456,Cliente_456,36,5858.59,2021-03-31 00:00:00,True
457,Cliente_457,21,2458.12,2021-04-01 00:00:00,True
458,Cliente_458,52,8573.77,2021-04-02 00:00:00,False
459,Cliente_459,66,8617.67,2021-04-03 00:00:00,True
460,Cliente_460,34,9597.13,2021-04-04 00:00:00,False
461,Cliente_461,61,2392.05,2021-04-05 00:00:00,False
462,Cliente_462,45,6609.99,2021-04-06 00:00:00,True
463,Cliente_463,47,5268.14,2021-04-07 00:00:00,True
464,Cliente_464,46,4099.45,2021-04-08 00:00:00,True
465,Cliente_465,63,4163.86,2021-04-09 00:00:00,True
466,Cliente_466,70,4715.14,2021-04-10 00:00:00,True
467,Cliente_467,23,7344.33,2021-04-11 00:00:00,False
468,,52,6384.57,2021-04-12 00:00:00,False
469,Cliente_469,77,5137.13,2021-04-13 00:00:00,True
470,Cliente_470,58,1683.4,2021-04-14 00:00:00,True
471,Cliente_471,54,1699.89,2021-04-15 00:00:00,True
472,Cliente_472,41,1021.05,2021-04-16 00:00:00,False
473,Cliente_473,46,9709.29,2021-04-17 00:00:00,True
474,Cliente_474,66,1047.28,2021-04-18 00:00:00,True
475,Cliente_475,63,1927.84,2021-04-19 00:00:00,False
476,,70,3831.37,2021-04-20 00:00:00,
477,Cliente_477,48,8266.87,2021-04-21 00:00:00,NÃ£o
478,Cliente_478,52,9658.89,2021-04-22 00:00:00,True
479,Cliente_479,77,8110.12,2021-04-23 00:00:00,True
480,Cliente_480,50,7215.04,2021-04-24 00:00:00,False
481,Cliente_481,69,5691.71,2021-04-25 00:00:00,True
482,Cliente_482,78,1780.35,2021-04-26 00:00:00,True
483,Cliente_483,38,9623.54,2021-04-27 00:00:00,True
484,Cliente_484,49,7825.53,2021-04-28 00:00:00,False
485,,40,6750.54,2021-04-29 00:00:00,False
486,Cliente_486,50,7831.32,2021-04-30 00:00:00,NÃ£o
487,Cliente_487,20,7516.93,2021-05-01 00:00:00,True
488,Cliente_488,35,6735.08,2021-05-02 00:00:00,False
489,Cliente_489,42,9825.19,2021-05-03 00:00:00,False
490,Cliente_490,-5,9130.27,2021-05-04 00:00:00,False
491,Cliente_491,48,6819.98,2021-05-05 00:00:00,False
492,Cliente_492,71,7238.58,2021-05-06 00:00:00,False
493,Cliente_493,75,1464.36,2021-05-07 00:00:00,False
494,Cliente_494,20,7029.26,2021-05-08 00:00:00,False
495,Cliente_495,57,1397.49,2021-05-09 00:00:00,False
496,Cliente_496,63,6294.37,2021-05-10 00:00:00,False
497,Cliente_497,41,9994.18,2021-05-11 00:00:00,True
498,Cliente_498,67,6002.26,2021-05-12 00:00:00,True
499,Cliente_499,49,5258.89,2021-05-13 00:00:00,True
500,Cliente_500,64,3815.69,2021-05-14 00:00:00,False
501,Cliente_501,39,2084.7,2021-05-15 00:00:00,True
502,Cliente_502,40,7579.21,2021-05-16 00:00:00,False
503,Cliente_503,19,2733.39,2021-05-17 00:00:00,False
504,Cliente_504,44,2037.54,2021-05-18 00:00:00,True
505,Cliente_505,59,4795.86,2021-05-19 00:00:00,False
506,Cliente_506,19,8158.08,2021-05-20 00:00:00,True
507,Cliente_507,43,7705.58,2021-05-21 00:00:00,True
508,   ,34,1493.94,2021-05-22 00:00:00,True
509,Cliente_509,57,5096.29,2021-05-23 00:00:00,False
510,Cliente_510,50,5701.91,2021-05-24 00:00:00,True
511,Cliente_511,26,6800.92,2021-05-25 00:00:00,False
512,Cliente_512,60,6851.51,2021-05-26 00:00:00,True
513,Cliente_513,71,4282.28,2021-05-27 00:00:00,True
514,Cliente_514,65,-1000,2021-05-28 00:00:00,True
515,Cliente_515,56,5329.56,2021-05-29 00:00:00,False
516,Cliente_516,46,8964.99,2021-05-30 00:00:00,False
517,Cliente_517,59,erro,2021-05-31 00:00:00,False
518,Cliente_518,72,4969.29,2021-06-01 00:00:00,True
519,Cliente_519,43,4640.37,2021-06-02 00:00:00,True
877,Cliente_520,52,6151.85,2021-06-03 00:00:00,False
521,Cliente_521,67,8235.79,2021-06-04 00:00:00,False
522,Cliente_522,42,5845.61,2021-06-05 00:00:00,False
523,Cliente_523,41,6954.9,2021-06-06 00:00:00,False
524,Cliente_524,30,7640.7,2021-06-07 00:00:00,False
525,Cliente_525,77,5681.51,2021-06-08 00:00:00,False
526,Cliente_526,75,4841.35,2021-06-09 00:00:00,True
527,Cliente_527,24,8889.99,2021-06-10 00:00:00,False
528,Cliente_528,74,4757.55,2021-06-11 00:00:00,True
529,Cliente_529,53,5157.49,2021-06-12 00:00:00,True
530,Cliente_530,62,9913.07,2021-06-13 00:00:00,False
531,Cliente_531,37,1002.14,2021-06-14 00:00:00,False
532,Cliente_532,18,2669.26,2021-06-15 00:00:00,True
533,Cliente_533,25,4455.68,2021-06-16 00:00:00,False
534,Cliente_534,63,9393.31,2021-06-17 00:00:00,False
535,Cliente_535,33,1630.27,2021-06-18 00:00:00,True
536,Cliente_536,31,1085.37,2021-06-19 00:00:00,True
537,Cliente_537,29,1474.15,2021-06-20 00:00:00,True
538,Cliente_538,68,1796.89,2021-06-21 00:00:00,False
539,Cliente_539,40,1338.37,2021-06-22 00:00:00,True
540,Cliente_540,32,5318.03,2021-06-23 00:00:00,False
541,Cliente_541,45,6226.81,2021-06-24 00:00:00,True
542,Cliente_542,51,3445.18,2021-06-25 00:00:00,True
543,Cliente_543,19,4584.59,2021-06-26 00:00:00,True
544,Cliente_544,49,1825.29,2021-06-27 00:00:00,False
545,Cliente_545,40,4027.33,2021-06-28 00:00:00,False
546,Cliente_546,39,5702.67,2021-06-29 00:00:00,True
547,Cliente_547,68,7590.45,2021-06-30 00:00:00,True
548,Cliente_548,42,1030.12,2021-07-01 00:00:00,True
549,Cliente_549,75,5205.8,2021-07-02 00:00:00,False
550,Cliente_550,79,3673.03,2021-07-03 00:00:00,True
551,Cliente_551,78,8675.4,2021-07-04 00:00:00,False
552,Cliente_552,39,7439.98,2021-07-05 00:00:00,True
553,Cliente_553,75,6301.98,2021-07-06 00:00:00,True
554,,75,3495.39,2021-07-07 00:00:00,True
555,Cliente_555,39,9193.05,2021-07-08 00:00:00,True
556,Cliente_556,66,1405.91,2021-07-09 00:00:00,True
557,Cliente_557,69,1985.21,2021-07-10 00:00:00,True
558,Cliente_558,59,4524.67,2021-07-11 00:00:00,False
559,,23,2119.94,2021-07-12 00:00:00,True
560,Cliente_560,32,9607.74,2021-07-13 00:00:00,False
561,Cliente_561,71,8181.9,2021-07-14 00:00:00,True
562,Cliente_562,60,3330.84,2021-07-15 00:00:00,True
563,Cliente_563,77,6296.99,2021-07-16 00:00:00,False
564,Cliente_564,54,9840.97,2021-07-17 00:00:00,True
565,Cliente_565,50,8957.79,2021-07-18 00:00:00,False
566,Cliente_566,25,6407.19,2021-07-19 00:00:00,False
567,,70,9133.52,2021-07-20 00:00:00,True
568,Cliente_568,77,9902.66,2021-07-21 00:00:00,False
569,Cliente_569,61,7690.18,2021-07-22 00:00:00,False
570,Cliente_570,61,1584.88,2021-07-23 00:00:00,True
571,Cliente_571,22,4614.22,2021-07-24 00:00:00,False
572,Cliente_572,56,8540.43,2021-07-25 00:00:00,Sim
573,Cliente_573,21,3075.12,2021-07-26 00:00:00,True
574,Cliente_574,23,8475.78,2021-07-27 00:00:00,True
575,Cliente_575,62,2083.05,2021-07-28 00:00:00,True
576,Cliente_576,49,1422.51,2021-07-29 00:00:00,False
577,Cliente_577,69,999999,2021-07-30 00:00:00,True
578,Cliente_578,47,1330.59,2021-07-31 00:00:00,True
579,Cliente_579,64,9615.43,2021-08-01 00:00:00,False
580,Cliente_580,52,8435.85,2021-08-02 00:00:00,True
581,Cliente_581,72,8206.93,2021-08-03 00:00:00,True
582,Cliente_582,57,6668.0,2021-08-04 00:00:00,False
583,Cliente_583,69,2946.92,2021-08-05 00:00:00,False
584,Cliente_584,33,5664.34,2021-08-06 00:00:00,False
585,Cliente_585,30,6375.47,2021-08-07 00:00:00,False
586,   ,67,5725.28,2021-08-08 00:00:00,False
587,Cliente_587,77,3342.1,2021-08-09 00:00:00,False
588,Cliente_588,59,0,2021-08-10 00:00:00,False
589,Cliente_589,47,5420.68,2021-08-11 00:00:00,True
590,Cliente_590,36,9967.02,2021-08-12 00:00:00,False
591,Cliente_591,34,9076.93,2021-08-13 00:00:00,False
592,Cliente_592,73,5170.43,2021-08-14 00:00:00,False
593,Cliente_593,36,6606.44,2021-08-15 00:00:00,True
594,Cliente_594,45,7730.84,2021-08-16 00:00:00,True
595,Cliente_595,75,1313.79,2021-08-17 00:00:00,False
596,Cliente_596,72,9054.29,2021-08-18 00:00:00,False
597,   ,43,8741.14,2021-08-19 00:00:00,False
598,Cliente_598,54,5116.89,2021-08-20 00:00:00,True
599,Cliente_599,150,4520.53,2021-08-21 00:00:00,True
600,Cliente_600,70,3456.63,2021-08-22 00:00:00,False
601,Cliente_601,79,5290.09,2021-08-23 00:00:00,True
602,Cliente_602,40,1399.39,2021-08-24 00:00:00,False
603,Cliente_603,26,8669.74,2021-08-25 00:00:00,True
604,Cliente_604,29,1318.8,,True
605,Cliente_605,70,3961.46,2021-08-27 00:00:00,False
606,Cliente_606,18,9384.31,2021-08-28 00:00:00,False
607,Cliente_607,75,7616.91,2021-08-29 00:00:00,False
608,Cliente_608,75,3532.52,2021-08-30 00:00:00,False
609,Cliente_609,18,3273.84,2021-08-31 00:00:00,True
610,Cliente_610,64,0,2021-09-01 00:00:00,True
611,Cliente_611,51,7261.43,2021-09-02 00:00:00,True
612,Cliente_612,49,1439.05,2021-09-03 00:00:00,False
486,Cliente_613,79,5793.42,2021-09-04 00:00:00,True
614,Cliente_614,71,9659.1,2021-09-05 00:00:00,False
615,Cliente_615,65,1985.22,2021-09-06 00:00:00,True
616,Cliente_616,42,9050.32,2021-09-07 00:00:00,False
617,Cliente_617,57,9923.28,2021-09-08 00:00:00,False
618,Cliente_618,62,1553.65,2021-09-09 00:00:00,True
40,Cliente_619,70,8946.16,2021-09-10 00:00:00,False
620,Cliente_620,18,5644.71,2021-09-11 00:00:00,False
621,Cliente_621,33,9158.62,2021-09-12 00:00:00,True
622,Cliente_622,78,6141.87,2021-09-13 00:00:00,False
623,Cliente_623,56,6959.01,2021-09-14 00:00:00,False
624,Cliente_624,22,5894.01,2021-09-15 00:00:00,False
625,Cliente_625,39,8780.44,2021-09-16 00:00:00,True
626,Cliente_626,46,7605.19,2021-09-17 00:00:00,True
627,Cliente_627,72,5691.34,2021-09-18 00:00:00,False
628,Cliente_628,20,8813.45,,True
629,Cliente_629,0,3207.57,2021-09-20 00:00:00,False
630,Cliente_630,43,2416.07,2021-09-21 00:00:00,False
631,Cliente_631,33,2443.6,2021-09-22 00:00:00,False
632,Cliente_632,68,4006.08,2021-09-23 00:00:00,False
633,Cliente_633,54,3148.21,2021-09-24 00:00:00,False
634,Cliente_634,39,9370.81,2021-09-25 00:00:00,True
635,Cliente_635,74,1952.51,2021-09-26 00:00:00,False
636,Cliente_636,46,7290.92,2021-09-27 00:00:00,True
637,Cliente_637,31,-1000,2021-09-28 00:00:00,True
638,Cliente_638,45,8934.73,2021-09-29 00:00:00,False
639,Cliente_639,22,9651.84,2021-09-30 00:00:00,False
640,Cliente_640,64,5189.23,2021-10-01 00:00:00,True
641,Cliente_641,66,8911.64,2021-10-02 00:00:00,True
642,Cliente_642,47,1046.31,2021-10-03 00:00:00,True
643,Cliente_643,63,8379.52,2021-10-04 00:00:00,False
644,Cliente_644,79,3057.63,2021-10-05 00:00:00,True
645,Cliente_645,69,9178.31,2021-10-06 00:00:00,
646,Cliente_646,22,1010.08,2021-10-07 00:00:00,TRUE
647,Cliente_647,29,6005.64,2021-10-08 00:00:00,False
648,Cliente_648,33,7809.72,2021-10-09 00:00:00,True
649,Cliente_649,43,3328.19,2021-10-10 00:00:00,False
650,Cliente_650,43,2738.2,2021-10-11 00:00:00,False
651,Cliente_651,65,1756.88,2021-10-12 00:00:00,False
652,Cliente_652,38,3937.9,2021-10-13 00:00:00,False
653,Cliente_653,56,6038.6,2021-10-14 00:00:00,False
654,Cliente_654,53,2042.59,2021-10-15 00:00:00,True
655,Cliente_655,50,4390.26,2021-10-16 00:00:00,False
656,Cliente_656,79,1081.65,2021-10-17 00:00:00,False
657,Cliente_657,47,8368.11,2021-10-18 00:00:00,True
658,Cliente_658,54,2156.04,2021-10-19 00:00:00,False
659,Cliente_659,40,3550.09,2021-10-20 00:00:00,True
660,Cliente_660,75,1165.85,2021-10-21 00:00:00,False
661,Cliente_661,27,4890.17,2021-10-22 00:00:00,True
662,Cliente_662,71,8561.09,2021-10-23 00:00:00,True
663,Cliente_663,22,4529.36,2021-10-24 00:00:00,False
664,Cliente_664,53,2615.48,2021-10-25 00:00:00,False
665,Cliente_665,51,7783.29,2021-10-26 00:00:00,False
666,Cliente_666,69,8099.26,2021-10-27 00:00:00,TRUE
667,Cliente_667,48,2563.78,2021-10-28 00:00:00,True
668,Cliente_668,27,7937.69,2021-10-29 00:00:00,True
669,Cliente_669,75,9525.68,2021-10-30 00:00:00,False
670,Cliente_670,36,2497.4,2021-10-31 00:00:00,True
671,Cliente_671,75,7938.86,2021-11-01 00:00:00,True
672,Cliente_672,49,7377.15,2021-11-02 00:00:00,False
673,Cliente_673,18,5262.16,2021-11-03 00:00:00,True
674,Cliente_674,73,1521.28,2021-11-04 00:00:00,True
675,Cliente_675,22,1672.25,2021-11-05 00:00:00,False
676,Cliente_676,62,8671.73,2021-11-06 00:00:00,True
677,Cliente_677,21,9911.34,2021-11-07 00:00:00,False
678,Cliente_678,33,7084.47,2021-11-08 00:00:00,False
679,Cliente_679,41,0,2021-11-09 00:00:00,False
680,Cliente_680,33,6828.16,1900-01-01,False
681,Cliente_681,72,6349.56,2021-11-11 00:00:00,False
682,Cliente_682,19,4452.51,2021-11-12 00:00:00,True
683,Cliente_683,66,1590.64,2021-11-13 00:00:00,True
684,Cliente_684,45,8393.62,2021-11-14 00:00:00,False
685,Cliente_685,49,4346.5,2021-11-15 00:00:00,False
686,Cliente_686,44,8369.07,2021-11-16 00:00:00,True
687,Cliente_687,37,3272.58,2021-11-17 00:00:00,False
875,Cliente_688,41,1009.27,2021-11-18 00:00:00,False
689,Cliente_689,29,2430.44,2021-11-19 00:00:00,False
690,Cliente_690,67,5216.85,2021-11-20 00:00:00,True
691,Cliente_691,52,9498.73,2021-11-21 00:00:00,True
692,Cliente_692,77,1919.74,2021-11-22 00:00:00,False
693,Cliente_693,50,8687.89,2021-11-23 00:00:00,False
694,Cliente_694,50,5743.22,2021-11-24 00:00:00,True
695,Cliente_695,78,8433.29,2021-11-25 00:00:00,True
696,Cliente_696,68,3685.37,2021-11-26 00:00:00,False
697,Cliente_697,60,8559.52,2021-11-27 00:00:00,False
698,Cliente_698,54,7955.41,2021-11-28 00:00:00,True
699,Cliente_699,29,3070.48,2021-11-29 00:00:00,True
700,Cliente_700,20,2182.02,2021-11-30 00:00:00,True
701,Cliente_701,18,8812.49,2021-12-01 00:00:00,
702,Cliente_702,50,9669.13,2021-12-02 00:00:00,True
703,Cliente_703,57,1281.72,2021-12-03 00:00:00,False
704,Cliente_704,27,7581.43,2021-12-04 00:00:00,True
705,Cliente_705,60,9185.72,2021-12-05 00:00:00,True
706,Cliente_706,61,8716.24,2021-12-06 00:00:00,True
707,Cliente_707,46,9680.68,2021-12-07 00:00:00,True
708,Cliente_708,-5,7840.85,2021-12-08 00:00:00,False
709,Cliente_709,29,4980.69,2021-12-09 00:00:00,False
710,Cliente_710,48,3807.57,2021-12-10 00:00:00,True
711,Cliente_711,63,3886.68,2021-12-11 00:00:00,False
712,Cliente_712,19,7519.8,2021-12-12 00:00:00,True
713,Cliente_713,78,7712.53,2021-12-13 00:00:00,True
714,Cliente_714,68,2803.23,2021-12-14 00:00:00,True
715,Cliente_715,67,8813.11,2021-12-15 00:00:00,True
716,Cliente_716,52,7434.32,2021-12-16 00:00:00,False
717,Cliente_717,40,6064.75,2021-12-17 00:00:00,True
718,Cliente_718,34,5243.79,2021-12-18 00:00:00,True
719,Cliente_719,43,5889.1,2021-12-19 00:00:00,False
720,Cliente_720,25,2433.21,2021-12-20 00:00:00,True
721,Cliente_721,46,2833.31,2021-12-21 00:00:00,True
722,Cliente_722,43,1820.48,2021-12-22 00:00:00,True
723,Cliente_723,27,2382.92,2021-12-23 00:00:00,False
724,Cliente_724,43,5083.24,2021-12-24 00:00:00,True
725,Cliente_725,79,5773.19,2021-12-25 00:00:00,False
726,Cliente_726,51,1160.76,,True
727,Cliente_727,68,8171.18,2021-12-27 00:00:00,True
728,Cliente_728,58,3647.51,2021-12-28 00:00:00,False
729,Cliente_729,24,9206.52,2021-12-29 00:00:00,True
730,Cliente_730,,9707.6,2021-12-30 00:00:00,True
731,Cliente_731,75,2669.13,2021-12-31 00:00:00,False
732,Cliente_732,70,5158.88,2022-01-01 00:00:00,False
733,Cliente_733,67,1011.09,2022-01-02 00:00:00,False
734,Cliente_734,62,6384.95,2022-01-03 00:00:00,False
735,Cliente_735,28,6465.76,2022-01-04 00:00:00,False
736,Cliente_736,46,3227.86,2022-01-05 00:00:00,True
737,Cliente_737,73,6025.71,2022-01-06 00:00:00,False
738,Cliente_738,53,3029.86,2022-01-07 00:00:00,True
739,Cliente_739,42,2447.43,2022-01-08 00:00:00,True
740,Cliente_740,38,6863.68,2022-01-09 00:00:00,True
741,Cliente_741,78,3933.33,2022-01-10 00:00:00,False
742,Cliente_742,74,6312.38,2022-01-11 00:00:00,False
743,Cliente_743,53,4899.22,2022-01-12 00:00:00,True
744,Cliente_744,27,9859.16,1900-01-01,False
745,Cliente_745,54,2346.23,2022-01-14 00:00:00,False
746,Cliente_746,26,5181.39,2022-01-15 00:00:00,False
747,Cliente_747,41,7124.11,2022-01-16 00:00:00,False
748,Cliente_748,52,4559.91,2022-01-17 00:00:00,True
749,Cliente_749,66,9772.3,2022-01-18 00:00:00,True
750,Cliente_750,52,7496.99,2022-01-19 00:00:00,False
751,Cliente_751,65,6912.85,2022-01-20 00:00:00,True
752,Cliente_752,53,7813.53,2022-01-21 00:00:00,False
753,Cliente_753,35,9573.84,2022-01-22 00:00:00,False
754,Cliente_754,66,9170.37,2022-01-23 00:00:00,True
755,Cliente_755,56,7518.57,2022-01-24 00:00:00,True
756,Cliente_756,49,7742.45,2022-01-25 00:00:00,True
757,Cliente_757,41,2313.3,2022-01-26 00:00:00,False
758,Cliente_758,40,1925.13,2022-01-27 00:00:00,True
759,Cliente_759,79,6138.14,2022-01-28 00:00:00,False
760,Cliente_760,49,1165.31,2022-01-29 00:00:00,True
761,Cliente_761,54,5341.21,2022-01-30 00:00:00,True
762,Cliente_762,29,2893.15,2022-01-31 00:00:00,False
763,Cliente_763,66,4114.15,2022-02-01 00:00:00,False
764,Cliente_764,72,7982.24,2022-02-02 00:00:00,False
765,Cliente_765,30,9471.14,2022-02-03 00:00:00,False
766,Cliente_766,40,1651.75,2022-02-04 00:00:00,False
767,Cliente_767,42,5808.18,2022-02-05 00:00:00,False
768,Cliente_768,52,8942.8,2022-02-06 00:00:00,False
769,Cliente_769,58,1742.58,2022-02-07 00:00:00,False
770,Cliente_770,47,8420.63,2022-02-08 00:00:00,True
771,Cliente_771,34,4220.21,2022-02-09 00:00:00,False
772,Cliente_772,66,3898.85,2022-02-10 00:00:00,False
773,Cliente_773,79,9797.2,2022-02-11 00:00:00,True
774,Cliente_774,37,2807.73,2022-02-12 00:00:00,False
775,Cliente_775,65,7238.75,2022-02-13 00:00:00,True
776,Cliente_776,42,8392.97,2022-02-14 00:00:00,True
777,Cliente_777,39,1370.65,2022-02-15 00:00:00,False
778,Cliente_778,30,7033.47,2022-02-16 00:00:00,True
779,Cliente_779,76,9563.95,2022-02-17 00:00:00,False
780,Cliente_780,36,2117.98,2022-02-18 00:00:00,True
781,Cliente_781,66,9065.99,2022-02-19 00:00:00,True
782,Cliente_782,53,6352.99,2025-13-01,True
783,Cliente_783,29,6549.44,2022-02-21 00:00:00,False
784,Cliente_784,78,6516.5,2022-02-22 00:00:00,False
785,Cliente_785,58,3689.52,2022-02-23 00:00:00,True
786,Cliente_786,36,9416.82,2022-02-24 00:00:00,True
787,Cliente_787,29,9526.15,2022-02-25 00:00:00,False
788,Cliente_788,26,6627.74,2022-02-26 00:00:00,False
789,Cliente_789,24,8050.8,2022-02-27 00:00:00,True
790,Cliente_790,45,6510.32,2022-02-28 00:00:00,True
791,Cliente_791,31,5359.59,2022-03-01 00:00:00,False
792,Cliente_792,48,6947.38,2022-03-02 00:00:00,False
793,Cliente_793,69,5977.01,2022-03-03 00:00:00,TRUE
794,Cliente_794,36,6377.28,2022-03-04 00:00:00,False
795,Cliente_795,75,8054.49,2022-03-05 00:00:00,False
796,Cliente_796,64,5328.13,1900-01-01,True
797,Cliente_797,33,1366.79,2022-03-07 00:00:00,False
798,Cliente_798,70,2476.0,2022-03-08 00:00:00,True
799,Cliente_799,22,4947.46,2022-03-09 00:00:00,False
800,Cliente_800,52,7523.44,2022-03-10 00:00:00,True
801,Cliente_801,29,6339.51,2022-03-11 00:00:00,False
802,Cliente_802,42,6852.65,2022-03-12 00:00:00,False
803,Cliente_803,69,5313.51,2022-03-13 00:00:00,True
804,Cliente_804,76,6541.68,2022-03-14 00:00:00,True
805,Cliente_805,38,3961.16,2022-03-15 00:00:00,False
806,Cliente_806,53,5231.64,2022-03-16 00:00:00,False
807,Cliente_807,70,7698.51,2022-03-17 00:00:00,False
808,Cliente_808,40,8846.5,2022-03-18 00:00:00,False
809,Cliente_809,33,4902.9,2022-03-19 00:00:00,False
810,Cliente_810,74,1392.95,2022-03-20 00:00:00,True
811,Cliente_811,56,2455.05,2022-03-21 00:00:00,True
812,Cliente_812,62,1187.75,2022-03-22 00:00:00,False
813,Cliente_813,70,6879.37,2022-03-23 00:00:00,True
814,Cliente_814,59,3990.83,2022-03-24 00:00:00,True
815,Cliente_815,75,5882.31,2022-03-25 00:00:00,True
816,Cliente_816,56,5439.49,2022-03-26 00:00:00,False
817,Cliente_817,31,1733.74,2022-03-27 00:00:00,True
818,Cliente_818,48,4629.35,2022-03-28 00:00:00,False
819,Cliente_819,75,2985.05,2022-03-29 00:00:00,True
820,Cliente_820,22,4765.6,2022-03-30 00:00:00,False
821,Cliente_821,52,2832.2,2022-03-31 00:00:00,True
822,Cliente_822,40,8564.07,2022-04-01 00:00:00,False
823,Cliente_823,46,2567.74,2022-04-02 00:00:00,False
824,Cliente_824,60,9647.02,2022-04-03 00:00:00,True
825,Cliente_825,28,4743.17,2022-04-04 00:00:00,False
826,Cliente_826,35,8616.21,2022-04-05 00:00:00,False
827,Cliente_827,64,6658.88,2022-04-06 00:00:00,False
828,,29,7618.15,2022-04-07 00:00:00,False
829,Cliente_829,26,7909.51,2022-04-08 00:00:00,False
830,Cliente_830,27,5543.6,2022-04-09 00:00:00,False
831,Cliente_831,75,5889.7,2022-04-10 00:00:00,False
832,Cliente_832,61,5625.96,2022-04-11 00:00:00,False
833,Cliente_833,34,6292.53,2022-04-12 00:00:00,True
834,Cliente_834,78,1264.55,2022-04-13 00:00:00,True
835,Cliente_835,55,4559.64,2022-04-14 00:00:00,False
836,Cliente_836,24,6455.7,2022-04-15 00:00:00,False
837,Cliente_837,63,6379.51,2022-04-16 00:00:00,True
838,Cliente_838,30,8136.6,2022-04-17 00:00:00,True
839,Cliente_839,57,6895.08,2022-04-18 00:00:00,True
840,Cliente_840,59,9929.2,2022-04-19 00:00:00,False
841,Cliente_841,26,3554.69,2022-04-20 00:00:00,True
842,Cliente_842,67,999999,2022-04-21 00:00:00,False
843,Cliente_843,44,4454.62,2022-04-22 00:00:00,False
844,Cliente_844,75,5192.32,2022-04-23 00:00:00,True
845,Cliente_845,19,8523.98,2022-04-24 00:00:00,False
846,Cliente_846,22,3122.13,2022-04-25 00:00:00,False
847,Cliente_847,46,7984.0,2022-04-26 00:00:00,False
848,Cliente_848,54,4647.79,2022-04-27 00:00:00,False
849,Cliente_849,55,6416.7,2022-04-28 00:00:00,True
850,Cliente_850,36,6692.86,2022-04-29 00:00:00,True
851,Cliente_851,25,4355.64,2022-04-30 00:00:00,False
852,Cliente_852,65,5613.54,2022-05-01 00:00:00,False
853,Cliente_853,0,-1000,2022-05-02 00:00:00,True
854,Cliente_854,18,1622.2,2022-05-03 00:00:00,False
855,Cliente_855,39,4934.49,2022-05-04 00:00:00,True
856,Cliente_856,69,1876.54,2022-05-05 00:00:00,False
857,Cliente_857,0,4645.19,2022-05-06 00:00:00,False
858,Cliente_858,24,6336.27,2022-05-07 00:00:00,True
859,Cliente_859,42,6214.73,2022-05-08 00:00:00,True
860,Cliente_860,62,6963.59,2022-05-09 00:00:00,True
861,Cliente_861,21,1857.35,2022-05-10 00:00:00,True
862,Cliente_862,53,6869.11,2022-05-11 00:00:00,False
863,Cliente_863,23,3809.33,2022-05-12 00:00:00,True
864,Cliente_864,77,4591.41,2022-05-13 00:00:00,False
865,Cliente_865,48,8721.88,2022-05-14 00:00:00,True
866,Cliente_866,36,1081.27,2022-05-15 00:00:00,True
867,Cliente_867,78,6295.71,2022-05-16 00:00:00,False
868,Cliente_868,61,6388.43,2022-05-17 00:00:00,True
869,Cliente_869,71,4569.94,2022-05-18 00:00:00,True
870,Cliente_870,56,3133.25,2022-05-19 00:00:00,True
871,Cliente_871,44,3112.07,2022-05-20 00:00:00,True
872,Cliente_872,27,8953.39,2022-05-21 00:00:00,False
873,Cliente_873,43,4978.22,2022-05-22 00:00:00,False
874,Cliente_874,36,3978.0,2022-05-23 00:00:00,True
875,Cliente_875,56,5039.0,2022-05-24 00:00:00,True
876,Cliente_876,79,7024.51,2022-05-25 00:00:00,True
877,Cliente_877,20,2311.81,2022-05-26 00:00:00,False
878,Cliente_878,62,5044.9,2022-05-27 00:00:00,False
879,Cliente_879,30,6290.96,2022-05-28 00:00:00,False
880,Cliente_880,67,0,2022-05-29 00:00:00,False
881,Cliente_881,45,3272.75,,True
882,Cliente_882,79,4233.26,2022-05-31 00:00:00,True
883,Cliente_883,75,4414.23,2022-06-01 00:00:00,True
884,Cliente_884,37,6449.84,2022-06-02 00:00:00,False
885,Cliente_885,45,4210.59,2022-06-03 00:00:00,True
886,Cliente_886,25,5801.61,2022-06-04 00:00:00,False
887,Cliente_887,78,8036.11,2022-06-05 00:00:00,False
888,Cliente_888,58,7348.47,2022-06-06 00:00:00,True
889,Cliente_889,56,5017.32,2022-06-07 00:00:00,True
890,Cliente_890,18,8777.95,2022-06-08 00:00:00,True
891,Cliente_891,20,6023.26,2022-06-09 00:00:00,False
626,Cliente_892,30,5859.15,2022-06-10 00:00:00,False
893,Cliente_893,45,1307.69,2022-06-11 00:00:00,True
894,Cliente_894,79,9880.24,2022-06-12 00:00:00,True
895,Cliente_895,0,2106.74,2022-06-13 00:00:00,False
896,Cliente_896,77,3080.18,2022-06-14 00:00:00,True
897,Cliente_897,66,1465.27,2022-06-15 00:00:00,False
898,Cliente_898,42,6760.03,2022-06-16 00:00:00,False
899,Cliente_899,73,3022.31,2022-06-17 00:00:00,True
900,Cliente_900,50,2620.09,2022-06-18 00:00:00,True
901,Cliente_901,55,1797.0,2022-06-19 00:00:00,True
902,Cliente_902,70,1929.78,2022-06-20 00:00:00,True
903,Cliente_903,23,6262.04,2022-06-21 00:00:00,False
904,Cliente_904,75,7193.87,2022-06-22 00:00:00,False
905,   ,61,4576.41,2022-06-23 00:00:00,False
906,Cliente_906,62,5319.07,2022-06-24 00:00:00,True
907,Cliente_907,49,7173.71,2022-06-25 00:00:00,False
908,Cliente_908,,1156.42,2022-06-26 00:00:00,True
909,Cliente_909,78,3908.18,2022-06-27 00:00:00,True
910,Cliente_910,64,9757.88,2022-06-28 00:00:00,True
911,N/A,38,6221.01,2022-06-29 00:00:00,True
912,Cliente_912,33,3288.02,2022-06-30 00:00:00,True
913,Cliente_913,71,5695.57,2022-07-01 00:00:00,True
914,Cliente_914,38,4083.88,2022-07-02 00:00:00,False
915,Cliente_915,150,5790.2,2022-07-03 00:00:00,True
916,Cliente_916,77,2131.67,2022-07-04 00:00:00,Sim
917,Cliente_917,54,2194.43,2022-07-05 00:00:00,False
918,Cliente_918,53,2291.88,2022-07-06 00:00:00,True
919,Cliente_919,52,9458.38,2022-07-07 00:00:00,True
920,N/A,36,7596.09,2022-07-08 00:00:00,True
921,Cliente_921,37,2461.44,2022-07-09 00:00:00,False
922,Cliente_922,74,2695.14,2022-07-10 00:00:00,True
923,Cliente_923,35,7577.47,,False
924,Cliente_924,64,2405.47,2022-07-12 00:00:00,True
925,Cliente_925,58,3111.05,2022-07-13 00:00:00,True
926,Cliente_926,66,9670.12,2022-07-14 00:00:00,False
927,Cliente_927,31,3297.76,2022-07-15 00:00:00,False
283,Cliente_928,32,6954.69,2022-07-16 00:00:00,True
775,Cliente_929,48,9807.68,2022-07-17 00:00:00,False
930,Cliente_930,18,4368.67,2022-07-18 00:00:00,FALSE
931,Cliente_931,70,1157.64,2022-07-19 00:00:00,False
932,Cliente_932,71,3197.33,2022-07-20 00:00:00,False
933,Cliente_933,,8477.89,2022-07-21 00:00:00,False
934,Cliente_934,20,8781.48,2022-07-22 00:00:00,True
935,Cliente_935,33,7916.67,2022-07-23 00:00:00,True
936,Cliente_936,40,2017.99,2022-07-24 00:00:00,False
937,Cliente_937,74,8159.59,2022-07-25 00:00:00,True
938,Cliente_938,28,9268.1,2022-07-26 00:00:00,True
939,Cliente_939,29,6405.49,2022-07-27 00:00:00,False
940,Cliente_940,27,9467.88,2022-07-28 00:00:00,TRUE
941,Cliente_941,49,8441.55,2022-07-29 00:00:00,False
942,Cliente_942,33,7002.74,2022-07-30 00:00:00,False
943,Cliente_943,25,6194.67,2022-07-31 00:00:00,True
944,,55,4137.16,2022-08-01 00:00:00,False
945,Cliente_945,29,2433.59,2022-08-02 00:00:00,False
946,Cliente_946,41,6444.59,2022-08-03 00:00:00,False
947,Cliente_947,45,3863.0,2022-08-04 00:00:00,False
948,Cliente_948,70,8797.95,2022-08-05 00:00:00,False
949,Cliente_949,25,9940.03,2022-08-06 00:00:00,True
950,Cliente_950,75,7771.85,2022-08-07 00:00:00,True
951,Cliente_951,45,1814.34,2022-08-08 00:00:00,False
952,Cliente_952,53,3598.17,2022-08-09 00:00:00,False
953,Cliente_953,43,1981.99,2022-08-10 00:00:00,True
954,Cliente_954,25,6854.6,2022-08-11 00:00:00,False
955,Cliente_955,75,7886.72,2022-08-12 00:00:00,True
956,Cliente_956,77,9331.07,2022-08-13 00:00:00,False
957,Cliente_957,67,4943.55,2022-08-14 00:00:00,False
958,Cliente_958,45,9112.38,2022-08-15 00:00:00,False
959,Cliente_959,45,8901.02,2022-08-16 00:00:00,False
960,Cliente_960,54,3854.76,2022-08-17 00:00:00,False
961,Cliente_961,58,8820.11,2022-08-18 00:00:00,False
962,Cliente_962,53,4381.05,2022-08-19 00:00:00,False
963,Cliente_963,44,3671.82,2022-08-20 00:00:00,True
964,Cliente_964,71,6841.67,2022-08-21 00:00:00,True
965,Cliente_965,34,3955.43,2022-08-22 00:00:00,True
966,Cliente_966,26,6671.88,2022-08-23 00:00:00,False
967,Cliente_967,50,6488.49,2022-08-24 00:00:00,False
968,Cliente_968,70,6070.95,2022-08-25 00:00:00,False
969,Cliente_969,37,4423.78,2022-08-26 00:00:00,False
970,Cliente_970,30,5936.5,2022-08-27 00:00:00,False
971,Cliente_971,45,6368.37,2022-08-28 00:00:00,False
972,Cliente_972,65,5911.18,2022-08-29 00:00:00,False
973,Cliente_973,46,4999.78,2022-08-30 00:00:00,True
974,Cliente_974,30,1132.0,2022-08-31 00:00:00,False
975,Cliente_975,63,6283.56,2022-09-01 00:00:00,True
976,Cliente_976,52,2516.0,2022-09-02 00:00:00,True
977,Cliente_977,78,6783.18,2022-09-03 00:00:00,False
978,Cliente_978,23,7834.1,2022-09-04 00:00:00,False
979,Cliente_979,35,5504.01,2022-09-05 00:00:00,True
980,Cliente_980,68,5881.27,2022-09-06 00:00:00,True
981,Cliente_981,22,9563.31,2022-09-07 00:00:00,False
982,Cliente_982,64,8624.51,2022-09-08 00:00:00,False
983,Cliente_983,42,9228.13,2022-09-09 00:00:00,True
984,Cliente_984,150,8323.9,2022-09-10 00:00:00,False
985,Cliente_985,27,1980.27,2022-09-11 00:00:00,False
986,Cliente_986,73,2340.93,2022-09-12 00:00:00,False
987,Cliente_987,47,5739.61,2022-09-13 00:00:00,True
988,Cliente_988,67,3214.63,2022-09-14 00:00:00,True
989,Cliente_989,76,5290.26,2022-09-15 00:00:00,True
990,Cliente_990,62,4549.29,2022-09-16 00:00:00,False
991,Cliente_991,22,5944.73,2022-09-17 00:00:00,False
992,Cliente_992,72,7721.88,2022-09-18 00:00:00,True
993,Cliente_993,73,7439.42,2022-09-19 00:00:00,True
994,Cliente_994,50,5691.11,2022-09-20 00:00:00,True
995,Cliente_995,71,8401.54,2022-09-21 00:00:00,False
996,Cliente_996,18,4877.76,2022-09-22 00:00:00,True
997,Cliente_997,35,9070.43,2022-09-23 00:00:00,True
998,Cliente_998,49,1641.52,2022-09-24 00:00:00,False
999,Cliente_999,64,9591.94,2022-09-25 00:00:00,False
1000,Cliente_1000,66,6892.24,2022-09-26 00:00:00,False
